{"LR":0.0005,"Val Acc":0.7465001344680786,"_timestamp":1.762635328316938e+09,"Train Loss":1.182318971190654,"_step":40,"epoch":40,"_wandb":{"runtime":0},"Val Precision":0.7913764119148254,"Val Loss":1.26773339509964,"Train Acc":0.8539931774139404,"Train Precision":0.8316578269004822,"_runtime":0}