{"_wandb":{"runtime":12},"Val Loss":1.253436490893364,"Val Precision":0.8430511355400085,"Val Acc":0.7837744951248169,"Train Loss":1.1764180858929951,"Train Precision":0.845317006111145,"Train Acc":0.8480879664421082,"LR":0.0005,"_step":46,"_runtime":12,"_timestamp":1.762718557549855e+09,"epoch":46}