{"Train Positive Precision":0.7326732873916626,"Val Loss":1.022976855436961,"epoch":14,"Val Positive Precision":0.6666666865348816,"_step":14,"_wandb":{"runtime":0},"Val Negative Precision":0.5866666436195374,"_runtime":0,"Train Negative Precision":0.660614550113678,"Train Acc":0.8147382736206055,"Train Loss":0.9346039321111597,"_timestamp":1.762623021158984e+09,"LR":0.001,"Val Acc":0.7407407164573669}