{"_timestamp":1.7626263967982988e+09,"epoch":47,"Train Loss":0.7995371300241222,"Val Loss":0.8349262078603109,"_step":47,"Val Positive Precision":0.7666666507720947,"Val Acc":0.7654321193695068,"Train Acc":0.8174931406974792,"Val Negative Precision":0.7647058963775635,"_runtime":0,"LR":0.00025,"_wandb":{"runtime":0},"Train Positive Precision":0.778969943523407,"Train Negative Precision":0.8356997966766357}