{"_wandb":{"runtime":0},"_runtime":0,"Train Positive Precision":0.7622950673103333,"Val Acc":0.8148148059844971,"Val Negative Precision":0.8163265585899353,"LR":0.001,"Train Loss":0.797592229169348,"Train Negative Precision":0.841286301612854,"_timestamp":1.762625141528615e+09,"Val Positive Precision":0.8125,"Val Loss":0.8288344144821167,"_step":20,"Train Acc":0.8147382736206055,"epoch":20}