{"Train Acc":0.78925621509552,"Val Negative Precision":0.5679012537002563,"Val Positive Precision":0,"epoch":16,"Train Negative Precision":0.6352941393852234,"Train Loss":0.6413944532041964,"Val Loss":0.6350474754969279,"Train Positive Precision":0.6666666865348816,"LR":0.001,"_timestamp":1.762618566943816e+09,"_runtime":0,"_step":16,"Val Acc":0.7283950448036194,"_wandb":{"runtime":0}}