{"_runtime":0,"Val Positive Precision":0.6756756901741028,"LR":0.001,"Train Acc":0.8271349668502808,"Train Negative Precision":0.8912037014961243,"Val Acc":0.7283950448036194,"Val Loss":1.0390858848889668,"Train Positive Precision":0.7329931855201721,"epoch":26,"_wandb":{"runtime":0},"_timestamp":1.762625005733841e+09,"_step":26,"Val Negative Precision":0.7727272510528564,"Train Loss":0.9259263795355092}