{"_step":14,"Val Positive Precision":0.7142857313156128,"_runtime":0,"Val Acc":0.7530864477157593,"Train Acc":0.8174931406974792,"epoch":14,"_wandb":{"runtime":0},"Train Negative Precision":0.8440748453140259,"Val Negative Precision":0.782608687877655,"LR":0.001,"_timestamp":1.762624566330626e+09,"Val Loss":0.8370057940483093,"Train Loss":0.8000476269618325,"Train Positive Precision":0.7653061151504517}