{"Val Positive Precision":0.800000011920929,"_wandb":{"runtime":0},"_runtime":0,"Train Acc":0.813360869884491,"LR":0.001,"_step":16,"Train Negative Precision":0.6566757559776306,"Val Negative Precision":0.5921052694320679,"Train Loss":0.8004920288272526,"Train Positive Precision":0.8615384697914124,"_timestamp":1.762622065014692e+09,"Val Acc":0.7530864477157593,"Val Loss":0.839964747428894,"epoch":16}