{"Train Negative Precision":0.8681318759918213,"Train Acc":0.7768595218658447,"epoch":25,"Val Acc":0.7407407164573669,"Val Negative Precision":0.8048780560493469,"_runtime":0,"LR":0.0005,"_wandb":{"runtime":0},"_timestamp":1.7626260405991879e+09,"_step":25,"Train Positive Precision":0.6587677597999573,"Val Loss":1.0186099807421367,"Train Loss":0.9627365664295529,"Val Positive Precision":0.675000011920929}