{"Val Acc":0.7530864477157593,"LR":0.001,"Val Positive Precision":0.800000011920929,"Train Positive Precision":0.8615384697914124,"Val Loss":0.839964747428894,"Train Acc":0.813360869884491,"Train Negative Precision":0.6566757559776306,"_step":16,"epoch":16,"Train Loss":0.8004920288272526,"Val Negative Precision":0.5921052694320679,"_runtime":0,"_timestamp":1.762621099477134e+09,"_wandb":{"runtime":0}}