{"epoch":29,"_runtime":0,"Val Positive Precision":0.7419354915618896,"Train Positive Precision":0.8167641162872314,"_wandb":{"runtime":0},"LR":0.0005,"Val Negative Precision":0.7599999904632568,"_step":29,"Val Acc":0.7530864477157593,"_timestamp":1.762625457293107e+09,"Train Acc":0.8622589707374573,"Train Negative Precision":0.8871139287948608,"Val Loss":0.8357552091280619,"Train Loss":0.7674996464148812}