{"Train Acc":0.8030303120613098,"_timestamp":1.7626255569390862e+09,"_wandb":{"runtime":0},"Train Loss":0.8057484523109768,"Train Positive Precision":0.7394789457321167,"Val Loss":0.8288767139116923,"Val Acc":0.7654321193695068,"Train Negative Precision":0.8363063931465149,"Val Negative Precision":0.7872340679168701,"Val Positive Precision":0.7352941036224365,"epoch":32,"LR":0.0005,"_runtime":0,"_step":32}