{"Val Precision":0.6493366956710815,"_wandb":{"runtime":0},"Val Acc":0.6571674346923828,"_step":18,"Train Precision":0.8602213859558105,"_timestamp":1.7626338232465222e+09,"Val Loss":1.2408151030540466,"_runtime":0,"epoch":18,"LR":0.001,"Train Loss":1.1993771294752757,"Train Acc":0.7016671895980835}