{"Train Positive Precision":0.7653061151504517,"Val Negative Precision":0.782608687877655,"epoch":14,"LR":0.001,"Train Acc":0.8174931406974792,"_wandb":{"runtime":0},"Val Acc":0.7530864477157593,"Train Negative Precision":0.8440748453140259,"Train Loss":0.8000476269618325,"Val Loss":0.8370057940483093,"_runtime":0,"_step":14,"_timestamp":1.7626239531239522e+09,"Val Positive Precision":0.7142857313156128}