{"Val Positive Precision":0.75,"Val Loss":0.7937823136647543,"Train Loss":0.8177634883712936,"_step":27,"Train Positive Precision":0.7125256657600403,"Train Acc":0.7809917330741882,"Val Negative Precision":0.7755101919174194,"LR":0.0005,"Train Negative Precision":0.815544068813324,"_timestamp":1.762625715003358e+09,"Val Acc":0.7654321193695068,"_wandb":{"runtime":0},"_runtime":0,"epoch":27}