{"epoch":27,"Val Positive Precision":0.8064516186714172,"Train Acc":0.7968319654464722,"_runtime":0,"Train Negative Precision":0.8298538327217102,"Train Loss":0.8130984980127086,"Val Acc":0.8024691343307495,"_timestamp":1.762626186571006e+09,"Val Loss":0.8266487518946329,"Val Negative Precision":0.800000011920929,"LR":0.0005,"_wandb":{"runtime":0},"Train Positive Precision":0.7327935099601746,"_step":27}