{"_runtime":0,"_timestamp":1.762626574143799e+09,"Train Acc":0.7899448871612549,"_wandb":{"runtime":0},"Train Loss":0.8118672979914624,"LR":0.001,"Train Positive Precision":0.7226720452308655,"Val Acc":0.7777777910232544,"Val Loss":0.8322668870290121,"Val Positive Precision":0.7575757503509521,"Val Negative Precision":0.7916666865348816,"epoch":22,"_step":22,"Train Negative Precision":0.8246346712112427}