{"_runtime":0,"Train Negative Precision":0.8406988978385925,"_wandb":{"runtime":0},"_timestamp":1.762625594637093e+09,"Val Loss":0.8153716723124186,"Val Acc":0.7777777910232544,"Val Positive Precision":0.7428571581840515,"LR":0.0005,"Train Acc":0.8181818127632141,"Train Positive Precision":0.7724425792694092,"Train Loss":0.7970645285171011,"Val Negative Precision":0.804347813129425,"_step":39,"epoch":39}