{"_step":19,"Val Negative Precision":0.7872340679168701,"epoch":19,"Val Loss":0.8369144002596537,"Val Positive Precision":0.7352941036224365,"Val Acc":0.7654321193695068,"Train Acc":0.8436639308929443,"_timestamp":1.7626249032304251e+09,"Train Positive Precision":0.7944663763046265,"LR":0.001,"Train Negative Precision":0.8699788451194763,"Train Loss":0.7796384899512582,"_wandb":{"runtime":0},"_runtime":0}