{"Val Acc":0.7283950448036194,"epoch":16,"Val Negative Precision":0.5679012537002563,"Val Positive Precision":0,"_step":16,"_wandb":{"runtime":0},"Train Negative Precision":0.6352941393852234,"Val Loss":0.6350474754969279,"_timestamp":1.7626208125662432e+09,"LR":0.001,"Train Positive Precision":0.6666666865348816,"Train Loss":0.6413944532041964,"Train Acc":0.78925621509552,"_runtime":0}