{"Val Negative Precision":0.7547169923782349,"_timestamp":1.762626075158562e+09,"epoch":27,"Train Acc":0.807851254940033,"Train Loss":0.7251548598641935,"Train Positive Precision":0.8059701323509216,"_step":27,"LR":0.0005,"Val Acc":0.7654321193695068,"Val Loss":0.7347153027852377,"_wandb":{"runtime":0},"_runtime":0,"Train Negative Precision":0.808571457862854,"Val Positive Precision":0.7857142686843872}