{"LR":0.001,"Val Acc":0.7283950448036194,"_step":16,"Train Acc":0.78925621509552,"Train Positive Precision":0.6666666865348816,"Val Negative Precision":0.5679012537002563,"Val Positive Precision":0,"_wandb":{"runtime":0},"_runtime":0,"Train Loss":0.6413944532041964,"_timestamp":1.7626232978598962e+09,"Train Negative Precision":0.6352941393852234,"Val Loss":0.6350474754969279,"epoch":16}