{"LR":0.001,"_timestamp":1.762624498234281e+09,"Val Positive Precision":0.8571428656578064,"Val Acc":0.7530864477157593,"Train Loss":0.638200044631958,"epoch":12,"Train Positive Precision":0.9046052694320679,"Val Negative Precision":0.7166666388511658,"Train Acc":0.807851254940033,"Val Loss":0.6406103372573853,"_wandb":{"runtime":0},"_step":12,"Train Negative Precision":0.7822299599647522,"_runtime":0}