{"_wandb":{"runtime":0},"_step":16,"Train Negative Precision":0.6566757559776306,"epoch":16,"_runtime":0,"Train Loss":0.8004920288272526,"Val Loss":0.839964747428894,"Val Positive Precision":0.800000011920929,"Train Positive Precision":0.8615384697914124,"LR":0.001,"Val Acc":0.7530864477157593,"_timestamp":1.7626229011071029e+09,"Train Acc":0.813360869884491,"Val Negative Precision":0.5921052694320679}