{"Train Loss":0.8118672979914624,"_runtime":8,"Train Acc":0.7899448871612549,"Train Positive Precision":0.7226720452308655,"Val Negative Precision":0.7916666865348816,"Val Acc":0.7777777910232544,"_timestamp":1.762714004443396e+09,"LR":0.001,"Train Negative Precision":0.8246346712112427,"_wandb":{"runtime":8},"_step":22,"epoch":22,"Val Loss":0.8322668870290121,"Val Positive Precision":0.7575757503509521}