{"epoch":46,"LR":0.0005,"Train Precision":0.845317006111145,"Train Loss":1.1764180858929951,"Val Loss":1.253436490893364,"Val Acc":0.7837744951248169,"_runtime":12,"Val Precision":0.8430511355400085,"_step":46,"_wandb":{"runtime":12},"Train Acc":0.8480879664421082,"_timestamp":1.762714643251484e+09}