{"Train Positive Precision":0.7358871102333069,"_wandb":{"runtime":0},"Val Negative Precision":0.795918345451355,"Val Loss":0.8335437178611755,"_step":13,"epoch":13,"_timestamp":1.762625200418931e+09,"Val Positive Precision":0.78125,"Train Negative Precision":0.8326359987258911,"LR":0.001,"_runtime":0,"Train Acc":0.7995867729187012,"Train Loss":0.8088873793249545,"Val Acc":0.790123462677002}