{"_step":28,"Val Precision":0.8100321292877197,"_timestamp":1.7626345555639942e+09,"Train Acc":0.8067272305488586,"epoch":28,"Val Loss":1.2568169236183167,"Train Precision":0.840951681137085,"_runtime":0,"Train Loss":1.1982544826136694,"Val Acc":0.792753279209137,"LR":0.0005,"_wandb":{"runtime":0}}