{"Val Negative Precision":0.5679012537002563,"Train Acc":0.78925621509552,"LR":0.001,"_runtime":0,"Train Negative Precision":0.6352941393852234,"Val Acc":0.7283950448036194,"_wandb":{"runtime":0},"_timestamp":1.762623190040971e+09,"epoch":16,"Val Positive Precision":0,"Train Loss":0.6413944532041964,"Train Positive Precision":0.6666666865348816,"Val Loss":0.6350474754969279,"_step":16}