{"_runtime":0,"Val Acc":0.7777777910232544,"_timestamp":1.7626253952729201e+09,"_step":19,"Train Acc":0.8491735458374023,"Train Negative Precision":0.8718487620353699,"Val Negative Precision":0.7916666865348816,"Train Positive Precision":0.8059999942779541,"epoch":19,"_wandb":{"runtime":0},"LR":0.0005,"Val Loss":0.8234150807062784,"Train Loss":0.7735258314920508,"Val Positive Precision":0.7575757503509521}