{"LR":0.001,"Train Negative Precision":0.6352941393852234,"Val Acc":0.7283950448036194,"_step":16,"Train Loss":0.6413944532041964,"_wandb":{"runtime":0},"Val Loss":0.6350474754969279,"Train Positive Precision":0.6666666865348816,"epoch":16,"Train Acc":0.78925621509552,"Val Negative Precision":0.5679012537002563,"_timestamp":1.762619467131073e+09,"Val Positive Precision":0,"_runtime":0}