{"LR":0.001,"_wandb":{"runtime":0},"_step":16,"Val Acc":0.7283950448036194,"Train Loss":0.6413944532041964,"Val Loss":0.6350474754969279,"_timestamp":1.762619056526282e+09,"Train Negative Precision":0.6352941393852234,"Train Acc":0.78925621509552,"Val Negative Precision":0.5679012537002563,"_runtime":0,"epoch":16,"Val Positive Precision":0,"Train Positive Precision":0.6666666865348816}