{"LR":0.001,"Val Acc":0.6913580298423767,"_runtime":0,"epoch":11,"_step":11,"Val Loss":1.2175153891245525,"Train Acc":0.7520661354064941,"Train Negative Precision":0.8976157307624817,"Train Positive Precision":0.6116373538970947,"_timestamp":1.762624800257189e+09,"Val Positive Precision":0.625,"_wandb":{"runtime":0},"Val Negative Precision":0.7560975551605225,"Train Loss":1.0951662854008053}