{"Val Positive Precision":0.800000011920929,"Train Negative Precision":0.6566757559776306,"Train Acc":0.813360869884491,"Val Loss":0.839964747428894,"LR":0.001,"Val Acc":0.7530864477157593,"_wandb":{"runtime":0},"_runtime":0,"Train Positive Precision":0.8615384697914124,"_timestamp":1.762622597860561e+09,"_step":16,"Val Negative Precision":0.5921052694320679,"Train Loss":0.8004920288272526,"epoch":16}