{"_runtime":0,"Train Positive Precision":0.7388535141944885,"Train Loss":0.8130356876746468,"_wandb":{"runtime":0},"Val Negative Precision":0.7916666865348816,"_step":37,"Train Negative Precision":0.819571852684021,"Val Loss":0.8214663664499918,"Val Acc":0.7777777910232544,"Train Acc":0.7933884263038635,"LR":0.0005,"epoch":37,"_timestamp":1.762625883619838e+09,"Val Positive Precision":0.7575757503509521}