{"Val Acc":0.7777777910232544,"Train Acc":0.7899448871612549,"Train Negative Precision":0.8246346712112427,"_timestamp":1.762714620804332e+09,"_runtime":8,"Train Positive Precision":0.7226720452308655,"Val Positive Precision":0.7575757503509521,"_wandb":{"runtime":8},"LR":0.001,"epoch":22,"Train Loss":0.8118672979914624,"Val Loss":0.8322668870290121,"_step":22,"Val Negative Precision":0.7916666865348816}