{"Train Negative Precision":0.7656116485595703,"Val Loss":0.6350474754969279,"_wandb":{"runtime":0},"Val Acc":0.7283950448036194,"_timestamp":1.762624436101333e+09,"LR":0.001,"Train Loss":0.6413944532041964,"_step":16,"Val Positive Precision":0.9333333373069763,"Val Negative Precision":0.6818181872367859,"Train Positive Precision":0.8869258165359497,"epoch":16,"Train Acc":0.78925621509552,"_runtime":0}