{"Val Loss":0.8370057940483093,"Val Negative Precision":0.782608687877655,"_runtime":0,"_step":14,"LR":0.001,"_wandb":{"runtime":0},"Val Positive Precision":0.7142857313156128,"Train Acc":0.8174931406974792,"_timestamp":1.762624611108163e+09,"Train Positive Precision":0.7653061151504517,"Train Negative Precision":0.8440748453140259,"Train Loss":0.8000476269618325,"Val Acc":0.7530864477157593,"epoch":14}