{"epoch":11,"_timestamp":1.762624656737798e+09,"_wandb":{"runtime":0},"Train Loss":0.9565564083016437,"Train Acc":0.7926997542381287,"Val Acc":0.7160493731498718,"Train Negative Precision":0.8639534711837769,"Val Loss":1.0502111117045085,"Val Negative Precision":0.7674418687820435,"_step":11,"LR":0.001,"_runtime":0,"Val Positive Precision":0.6578947305679321,"Train Positive Precision":0.6891891956329346}