{"Train Acc":0.8480879664421082,"LR":0.0005,"Train Precision":0.845317006111145,"epoch":46,"_wandb":{"runtime":0},"_runtime":0,"Val Precision":0.8430511355400085,"Train Loss":1.1764180858929951,"Val Loss":1.253436490893364,"_timestamp":1.762635155085599e+09,"_step":46,"Val Acc":0.7837744951248169}