{"Train Positive Precision":0.7110655903816223,"_runtime":0,"Val Positive Precision":0.8275862336158752,"Val Acc":0.8024691343307495,"_timestamp":1.762625317042869e+09,"epoch":15,"Train Acc":0.7803030014038086,"Val Loss":0.7901586393515269,"_step":15,"Val Negative Precision":0.7884615659713745,"Train Loss":0.8218487088496869,"Train Negative Precision":0.8153526782989502,"LR":0.001,"_wandb":{"runtime":0}}