{"epoch":22,"_wandb":{"runtime":8},"Train Positive Precision":0.7226720452308655,"Val Negative Precision":0.7916666865348816,"LR":0.001,"Val Acc":0.7777777910232544,"_runtime":8,"Train Negative Precision":0.8246346712112427,"Train Loss":0.8118672979914624,"Val Loss":0.8322668870290121,"_timestamp":1.76271853541439e+09,"Val Positive Precision":0.7575757503509521,"_step":22,"Train Acc":0.7899448871612549}